[
    {"id": 1, "name": "produto 1", "description": "Descricao do produto 1"},
    {"id": 2, "name": "produto 2", "description": "Descricao do produto 2"},
    {"id": 3, "name": "produto 3", "description": "Descricao do produto 3"},
    {"id": 4, "name": "produto 4", "description": "Descricao do produto 4"},
    {"id": 5, "name": "produto 5", "description": "Descricao do produto 5"},
    {"id": 6, "name": "produto 6", "description": "Descricao do produto 6"},
    {"id": 7, "name": "produto 7", "description": "Descricao do produto 7"},
    {"id": 8, "name": "produto 8", "description": "Descricao do produto 8"},
    {"id": 9, "name": "produto 9", "description": "Descricao do produto 9"},
    {"id": 10, "name": "produto 10", "description": "Descricao do produto 10"}
]
